backbone,description,length,preferred_charge,offset,target,demand_per_residue,n_constrained,on_target,constrained_nll,constrained_sd,pool_nll,pool_sd,n_rejection,rejection_nll,rejection_sd,excess_nll,cost_vs_pool
1ENH,engrailed homeodomain,54,1,-12,-11,0.2222222222222222,32,32,1.2693343311548233,0.14792746026346673,1.027716384618543,0.06009888267680142,0,,,,0.24161794653628021
1ENH,engrailed homeodomain,54,1,-8,-7,0.14814814814814814,32,32,1.1472550630569458,0.1384622640339357,1.027716384618543,0.06009888267680142,0,,,,0.11953867843840271
1ENH,engrailed homeodomain,54,1,-6,-5,0.1111111111111111,32,32,1.1265930030494928,0.13756050052870752,1.027716384618543,0.06009888267680142,24,1.0158124168713887,0.05890203875756218,0.11078058617810416,0.09887661843094975
1ENH,engrailed homeodomain,54,1,-4,-3,0.07407407407407407,32,32,1.1031009797006845,0.12112891508501486,1.027716384618543,0.06009888267680142,39,1.0066490096923633,0.05482649776846182,0.09645197000832129,0.07538459508214146
1ENH,engrailed homeodomain,54,1,-2,-1,0.037037037037037035,32,32,1.1058987397700548,0.09685510600473196,1.027716384618543,0.06009888267680142,67,1.0014040301095193,0.051134225148605626,0.10449470966053553,0.07818235515151173
1ENH,engrailed homeodomain,54,1,0,1,0.0,32,32,1.1072707027196884,0.08380224042548763,1.027716384618543,0.06009888267680142,53,1.0286583315651372,0.05487646299254172,0.07861237115455122,0.07955431810114533
1ENH,engrailed homeodomain,54,1,2,3,0.037037037037037035,32,32,1.1218811217695475,0.0784142037729544,1.027716384618543,0.06009888267680142,29,1.0359276163166966,0.06797644773390854,0.08595350545285085,0.09416473715100437
1ENH,engrailed homeodomain,54,1,4,5,0.07407407407407407,32,32,1.1577340997755527,0.0939282855762894,1.027716384618543,0.06009888267680142,15,1.047291338443756,0.05741590520591969,0.11044276133179665,0.13001771515700966
1ENH,engrailed homeodomain,54,1,6,7,0.1111111111111111,32,32,1.1639756709337234,0.08856279507854756,1.027716384618543,0.06009888267680142,13,1.0787765612969031,0.035989800086020735,0.08519910963682031,0.13625928631518036
1ENH,engrailed homeodomain,54,1,8,9,0.14814814814814814,32,32,1.181500144302845,0.10925744597962847,1.027716384618543,0.06009888267680142,0,,,,0.1537837596843019
1ENH,engrailed homeodomain,54,1,12,13,0.2222222222222222,32,32,1.2707650996744633,0.18118287977731581,1.027716384618543,0.06009888267680142,0,,,,0.24304871505592018
1BRS,barnase,108,3,-12,-9,0.1111111111111111,32,32,0.9504715781658888,0.10299381942002206,0.6951163714984432,0.021291566656773144,0,,,,0.2553552066674456
1BRS,barnase,108,3,-8,-5,0.07407407407407407,32,32,0.7766132969409227,0.06729749798660162,0.6951163714984432,0.021291566656773144,0,,,,0.08149692544247955
1BRS,barnase,108,3,-6,-3,0.05555555555555555,32,32,0.7573579885065556,0.055851363607967656,0.6951163714984432,0.021291566656773144,0,,,,0.06224161700811237
1BRS,barnase,108,3,-4,-1,0.037037037037037035,32,32,0.7339722719043493,0.03880600511862379,0.6951163714984432,0.021291566656773144,17,0.696680815780864,0.025343634901647403,0.03729145612348528,0.03885590040590614
1BRS,barnase,108,3,-2,1,0.018518518518518517,32,32,0.7326166424900293,0.042443548192144916,0.6951163714984432,0.021291566656773144,77,0.6915622500630169,0.020030584758690774,0.041054392427012476,0.03750027099158615
1BRS,barnase,108,3,0,3,0.0,32,32,0.7426375988870859,0.051750208464324945,0.6951163714984432,0.021291566656773144,83,0.6979029961379177,0.02031811420716533,0.044734602749168184,0.04752122738864273
1BRS,barnase,108,3,2,5,0.018518518518518517,32,32,0.7677449397742748,0.05631629601360368,0.6951163714984432,0.021291566656773144,42,0.696539614881788,0.021328225234034534,0.07120532489248688,0.07262856827583164
1BRS,barnase,108,3,4,7,0.037037037037037035,32,32,0.7956395726650953,0.06336950179192138,0.6951163714984432,0.021291566656773144,14,0.6976705278669085,0.02143585342071444,0.0979690447981868,0.10052320116665214
1BRS,barnase,108,3,6,9,0.05555555555555555,32,32,0.8289379924535751,0.06912659930177481,0.6951163714984432,0.021291566656773144,0,,,,0.13382162095513195
1BRS,barnase,108,3,8,11,0.07407407407407407,32,32,0.8789981957525015,0.08962659716248021,0.6951163714984432,0.021291566656773144,0,,,,0.1838818242540583
1BRS,barnase,108,3,12,15,0.1111111111111111,32,32,1.0132567342370749,0.08030608022560917,0.6951163714984432,0.021291566656773144,0,,,,0.31814036273863167
1AKE,adenylate kinase,214,-5,-12,-17,0.056074766355140186,32,32,0.8951348476111889,0.04775496852768737,0.809390849317424,0.015703673829905517,0,,,,0.08574399829376489
1AKE,adenylate kinase,214,-5,-8,-13,0.037383177570093455,32,32,0.8610910587012768,0.03509273707601632,0.809390849317424,0.015703673829905517,0,,,,0.05170020938385278
1AKE,adenylate kinase,214,-5,-6,-11,0.028037383177570093,32,32,0.8464420530945063,0.027915840891797144,0.809390849317424,0.015703673829905517,14,0.8144926982266563,0.012558041337889925,0.03194935486785,0.037051203777082264
1AKE,adenylate kinase,214,-5,-4,-9,0.018691588785046728,32,32,0.8375663850456476,0.027273322880502684,0.809390849317424,0.015703673829905517,43,0.8141706073006918,0.015072870417152141,0.023395777744955826,0.028175535728223622
1AKE,adenylate kinase,214,-5,-2,-7,0.009345794392523364,32,32,0.834234569221735,0.02940301302998039,0.809390849317424,0.015703673829905517,53,0.809577467306605,0.01639632074681529,0.024657101915130042,0.024843719904311
1AKE,adenylate kinase,214,-5,0,-5,0.0,32,32,0.8271674625575542,0.02289525042575715,0.809390849317424,0.015703673829905517,49,0.8088839625825688,0.013686704969140347,0.018283499974985462,0.017776613240130246
1AKE,adenylate kinase,214,-5,2,-3,0.009345794392523364,32,32,0.8262130822986364,0.018549441704363893,0.809390849317424,0.015703673829905517,49,0.8060864088486652,0.015084140694520659,0.02012667344997121,0.016822232981212437
1AKE,adenylate kinase,214,-5,4,-1,0.018691588785046728,32,32,0.8270784821361303,0.015085083005538224,0.809390849317424,0.015703673829905517,22,0.8084637874906714,0.012955529166359378,0.01861469464545895,0.017687632818706334
1AKE,adenylate kinase,214,-5,6,1,0.028037383177570093,32,32,0.8326471913605928,0.022250899418810113,0.809390849317424,0.015703673829905517,18,0.7965020967854394,0.014093515450878943,0.03614509457515347,0.023256342043168843
1AKE,adenylate kinase,214,-5,8,3,0.037383177570093455,32,32,0.8457724265754223,0.03554655986469579,0.809390849317424,0.015703673829905517,0,,,,0.03638157725799829
1AKE,adenylate kinase,214,-5,12,7,0.056074766355140186,32,32,0.894163167104125,0.05764086845753508,0.809390849317424,0.015703673829905517,0,,,,0.08477231778670102
